<?xml version="1.0" encoding="UTF-8"?>
<project-private xmlns="http://www.netbeans.org/ns/project-private/1">
    <editor-bookmarks xmlns="http://www.netbeans.org/ns/editor-bookmarks/2" lastBookmarkId="0"/>
    <open-files xmlns="http://www.netbeans.org/ns/projectui-open-files/2">
        <group>
            <file>file:/C:/xampp/htdocs/LoginPHP/Session.php</file>
            <file>file:/C:/xampp/htdocs/LoginPHP/phpLogin/logout.php</file>
            <file>file:/C:/xampp/htdocs/LoginPHP/Style/css/Style.css</file>
            <file>file:/C:/xampp/htdocs/LoginPHP/Cargar/consulta_empleados.html</file>
            <file>file:/C:/xampp/htdocs/LoginPHP/phpLogin/index.html</file>
            <file>file:/C:/xampp/htdocs/LoginPHP/Sectores/login.html</file>
            <file>file:/C:/xampp/htdocs/LoginPHP/Cargar/consultaa.php</file>
            <file>file:/C:/xampp/htdocs/LoginPHP/Style/js/main.js</file>
            <file>file:/C:/xampp/htdocs/LoginPHP/Sectores/Legales.html</file>
            <file>file:/C:/xampp/htdocs/LoginPHP/phpLogin/IOfactory.php</file>
            <file>file:/C:/xampp/htdocs/LoginPHP/ppage.php</file>
            <file>file:/C:/xampp/htdocs/LoginPHP/Sectores/index_1.html</file>
            <file>file:/C:/xampp/htdocs/LoginPHP/phpLogin/otroEjmplo.php</file>
            <file>file:/C:/xampp/htdocs/LoginPHP/Sectores/Tesoreria.html</file>
            <file>file:/C:/xampp/htdocs/LoginPHP/Sectores/Proveedores.html</file>
            <file>file:/C:/xampp/htdocs/LoginPHP/checklogin.php</file>
            <file>file:/C:/xampp/htdocs/LoginPHP/conexionn.php</file>
            <file>file:/C:/xampp/htdocs/LoginPHP/ejemplo.php</file>
            <file>file:/C:/xampp/htdocs/LoginPHP/phpLogin/panel-control.php</file>
            <file>file:/C:/xampp/htdocs/LoginPHP/oleread.php</file>
            <file>file:/C:/xampp/htdocs/LoginPHP/excelReader.php</file>
            <file>file:/C:/xampp/htdocs/LoginPHP/Cargar/ajax.js</file>
            <file>file:/C:/xampp/htdocs/LoginPHP/phpLogin/login.html</file>
            <file>file:/C:/xampp/htdocs/LoginPHP/Sectores/Facturacion.html</file>
            <file>file:/C:/xampp/htdocs/LoginPHP/reader.php</file>
            <file>file:/C:/xampp/htdocs/LoginPHP/Cargar/consulta.php</file>
            <file>file:/C:/xampp/htdocs/LoginPHP/Style/js/contactos.js</file>
            <file>file:/C:/xampp/htdocs/LoginPHP/readerTable.php</file>
            <file>file:/C:/xampp/htdocs/LoginPHP/Login.php</file>
            <file>file:/C:/xampp/htdocs/LoginPHP/phpLogin/registrar-usuario.php</file>
            <file>file:/C:/xampp/htdocs/LoginPHP/Sectores/index.html</file>
        </group>
    </open-files>
</project-private>
